Month,Male,Female
February,0.5873,0.4127
March,0.7091,0.2909
April,0.6192,0.3808
May,0.596,0.404
June,0.4663,0.5337
July,0.69921,0.30079
August,0.6778,0.3222
September,0.6201,0.3799
October,0.59102,0.40898